<?xml version="1.0" encoding="UTF-8"?><TaskList Version="2.0"><Task ConnectorKind="local" RepositoryUrl="local" TaskId="1" Handle="local-1" Label="Defensive Programming" Priority="P3" Kind="task" IssueURL="" Notes="Exceptions toevoegen wanneer gelezen" Estimated="0" EndDate="" CreationDate="2017-02-28 15:43:28.273 +0100" ModificationDate="" DueDate="" Owner="local" Active="false" ScheduledStartDate="2017-02-26 00:00:00.0 +0100" ScheduledEndDate="2017-03-04 23:59:59.999 +0100" Reminded="false" MarkReadPending="false" NotifiedIncoming="true" offlineSyncState="SYNCHRONIZED"/><Task ConnectorKind="local" RepositoryUrl="local" TaskId="3" Handle="local-3" Label="SupportedTypes Toevoegen" Priority="P3" Kind="task" IssueURL="" Notes="SupportedTypes toevoegen in ReadVariableExpression" Estimated="0" EndDate="" CreationDate="2017-05-20 21:28:47.21 +0200" ModificationDate="" DueDate="" Owner="local" Active="false" ScheduledStartDate="2017-05-14 00:00:00.0 +0200" ScheduledEndDate="2017-05-20 23:59:59.999 +0200" Reminded="false" MarkReadPending="false" NotifiedIncoming="true" offlineSyncState="SYNCHRONIZED"/><Task ConnectorKind="local" RepositoryUrl="local" TaskId="2" Handle="local-2" Label="TODO lijst" Priority="P3" Kind="task" IssueURL="" Notes="*Distance:&#13;&#10;-&gt; Throwen setters voor positie een OverflowException indien x of y te groot is? (OverflowException moeten we dan zelf definieren)&#13;&#10;" Estimated="0" EndDate="" CreationDate="2017-03-02 12:47:45.76 +0100" ModificationDate="" DueDate="" Owner="local" Active="false" Reminded="false" MarkReadPending="false" NotifiedIncoming="true" offlineSyncState="SYNCHRONIZED"/><TaskCategory Handle="Uncategorized" Name="Uncategorized"><TaskReference Handle="local-1"/><TaskReference Handle="local-3"/><TaskReference Handle="local-2"/></TaskCategory></TaskList>