<?xml version="1.0" encoding="UTF-8"?><InteractionHistory Id="local-1" Version="1"><InteractionEvent Delta="null" EndDate="2017-02-28 16:36:30.608 CET" Interest="180.0" Kind="propagation" Navigation="null" OriginId="org.eclipse.jdt.ui.CompilationUnitEditor" StartDate="2017-02-28 15:45:11.944 CET" StructureHandle="/Asteroids/src/Ship.java" StructureKind="resource" NumEvents="180" CreationCount="1"/><InteractionEvent Delta="null" EndDate="2017-02-28 16:36:30.608 CET" Interest="180.0" Kind="propagation" Navigation="org.eclipse.mylyn.core.model.edges.containment" OriginId="org.eclipse.mylyn.core.model.interest.propagation" StartDate="2017-02-28 15:45:11.944 CET" StructureHandle="/Asteroids/src" StructureKind="resource" NumEvents="180" CreationCount="1"/><InteractionEvent Delta="null" EndDate="2017-02-28 16:34:33.685 CET" Interest="2.0" Kind="selection" Navigation="null" OriginId="org.eclipse.jdt.ui.PackageExplorer" StartDate="2017-02-28 16:31:34.763 CET" StructureHandle="=Asteroids/src&amp;lt;{Ship.java[Ship^velocityY" StructureKind="java" NumEvents="2" CreationCount="167"/><InteractionEvent Delta="null" EndDate="2017-02-28 16:35:38.259 CET" Interest="2.0" Kind="edit" Navigation="null" OriginId="org.eclipse.jdt.ui.CompilationUnitEditor" StartDate="2017-02-28 16:34:26.851 CET" StructureHandle="=Asteroids/src&amp;lt;{Ship.java[Ship^velocityY" StructureKind="java" NumEvents="2" CreationCount="167"/><InteractionEvent Delta="null" EndDate="2017-02-28 16:36:26.282 CET" Interest="1.0" Kind="selection" Navigation="null" OriginId="org.eclipse.jdt.ui.CompilationUnitEditor" StartDate="2017-02-28 16:36:26.282 CET" StructureHandle="=Asteroids/src&amp;lt;{Ship.java#be.kuleuven.cs.som.annotate.*" StructureKind="java"/><InteractionEvent Delta="null" EndDate="2017-02-28 15:58:05.349 CET" Interest="1.0" Kind="selection" Navigation="null" OriginId="org.eclipse.jdt.ui.CompilationUnitEditor" StartDate="2017-02-28 15:58:05.349 CET" StructureHandle="=Asteroids/src&amp;lt;{Ship.java[Ship~getRadius" StructureKind="java"/><InteractionEvent Delta="null" EndDate="2017-02-28 16:31:29.993 CET" Interest="2.0" Kind="selection" Navigation="null" OriginId="org.eclipse.jdt.ui.CompilationUnitEditor" StartDate="2017-02-28 16:04:37.385 CET" StructureHandle="=Asteroids/src&amp;lt;{Ship.java[Ship~legitimateVelocity~D~D" StructureKind="java" NumEvents="2" CreationCount="2"/><InteractionEvent Delta="null" EndDate="2017-02-28 16:31:29.993 CET" Interest="1.7710001" Kind="manipulation" Navigation="null" OriginId="org.eclipse.mylyn.core.model.interest.decay.correction" StartDate="2017-02-28 16:31:29.993 CET" StructureHandle="=Asteroids/src&amp;lt;{Ship.java[Ship~legitimateVelocity~D~D" StructureKind="java"/><InteractionEvent Delta="null" EndDate="2017-02-28 16:36:26.282 CET" Interest="1.0" Kind="propagation" Navigation="org.eclipse.mylyn.core.model.edges.containment" OriginId="org.eclipse.mylyn.core.model.interest.propagation" StartDate="2017-02-28 16:36:26.282 CET" StructureHandle="=Asteroids/src&amp;lt;{Ship.java#" StructureKind="java"/><InteractionEvent Delta="null" EndDate="2017-02-28 16:36:26.190 CET" Interest="51.38701" Kind="propagation" Navigation="org.eclipse.mylyn.core.model.edges.containment" OriginId="org.eclipse.mylyn.core.model.interest.propagation" StartDate="2017-02-28 15:45:11.944 CET" StructureHandle="=Asteroids/src&amp;lt;" StructureKind="java" NumEvents="75" CreationCount="1"/><InteractionEvent Delta="null" EndDate="2017-02-28 15:57:58.96 CET" Interest="1.0" Kind="selection" Navigation="null" OriginId="org.eclipse.jdt.ui.CompilationUnitEditor" StartDate="2017-02-28 15:57:58.96 CET" StructureHandle="=Asteroids/src&amp;lt;{Ship.java[Ship^angle" StructureKind="java"/><InteractionEvent Delta="null" EndDate="2017-02-28 16:36:30.608 CET" Interest="180.0" Kind="propagation" Navigation="org.eclipse.mylyn.core.model.edges.containment" OriginId="org.eclipse.mylyn.core.model.interest.propagation" StartDate="2017-02-28 15:45:11.944 CET" StructureHandle="/" StructureKind="resource" NumEvents="180" CreationCount="1"/><InteractionEvent Delta="null" EndDate="2017-02-28 16:08:14.403 CET" Interest="4.0" Kind="selection" Navigation="null" OriginId="org.eclipse.jdt.ui.CompilationUnitEditor" StartDate="2017-02-28 16:04:44.516 CET" StructureHandle="=Asteroids/src&amp;lt;{Ship.java[Ship~getTotalVelocity" StructureKind="java" NumEvents="4" CreationCount="106"/><InteractionEvent Delta="null" EndDate="2017-02-28 16:23:03.689 CET" Interest="51.0" Kind="edit" Navigation="null" OriginId="org.eclipse.jdt.ui.CompilationUnitEditor" StartDate="2017-02-28 16:04:58.413 CET" StructureHandle="=Asteroids/src&amp;lt;{Ship.java[Ship~getTotalVelocity" StructureKind="java" NumEvents="51" CreationCount="106"/><InteractionEvent Delta="null" EndDate="2017-02-28 16:36:26.190 CET" Interest="51.38701" Kind="propagation" Navigation="org.eclipse.mylyn.core.model.edges.containment" OriginId="org.eclipse.mylyn.core.model.interest.propagation" StartDate="2017-02-28 15:45:11.944 CET" StructureHandle="=Asteroids/src" StructureKind="java" NumEvents="74" CreationCount="1"/><InteractionEvent Delta="null" EndDate="2017-02-28 16:01:50.123 CET" Interest="2.0" Kind="selection" Navigation="null" OriginId="org.eclipse.jdt.ui.CompilationUnitEditor" StartDate="2017-02-28 15:58:20.613 CET" StructureHandle="=Asteroids/src&amp;lt;{Ship.java[Ship~turn~D" StructureKind="java" NumEvents="2" CreationCount="71"/><InteractionEvent Delta="null" EndDate="2017-02-28 16:02:18.181 CET" Interest="24.0" Kind="edit" Navigation="null" OriginId="org.eclipse.jdt.ui.CompilationUnitEditor" StartDate="2017-02-28 15:58:29.800 CET" StructureHandle="=Asteroids/src&amp;lt;{Ship.java[Ship~turn~D" StructureKind="java" NumEvents="24" CreationCount="71"/><InteractionEvent Delta="null" EndDate="2017-02-28 16:08:35.57 CET" Interest="45.687008" Kind="propagation" Navigation="org.eclipse.mylyn.core.model.edges.containment" OriginId="org.eclipse.mylyn.core.model.interest.propagation" StartDate="2017-02-28 15:45:11.944 CET" StructureHandle="=Asteroids/src&amp;lt;{Ship.java" StructureKind="java" NumEvents="67" CreationCount="1"/><InteractionEvent Delta="null" EndDate="2017-02-28 16:36:26.190 CET" Interest="5.0" Kind="selection" Navigation="null" OriginId="org.eclipse.jdt.ui.CompilationUnitEditor" StartDate="2017-02-28 15:45:11.981 CET" StructureHandle="=Asteroids/src&amp;lt;{Ship.java" StructureKind="java" NumEvents="5" CreationCount="1"/><InteractionEvent Delta="null" EndDate="2017-02-28 16:31:06.438 CET" Interest="1.0" Kind="edit" Navigation="null" OriginId="org.eclipse.jdt.ui.CompilationUnitEditor" StartDate="2017-02-28 16:31:06.438 CET" StructureHandle="=Asteroids/src&amp;lt;{Ship.java" StructureKind="java"/><InteractionEvent Delta="null" EndDate="2017-02-28 16:01:46.738 CET" Interest="1.0" Kind="selection" Navigation="null" OriginId="org.eclipse.jdt.ui.CompilationUnitEditor" StartDate="2017-02-28 16:01:46.738 CET" StructureHandle="=Asteroids/src&amp;lt;{Ship.java[Ship~setAngle~D" StructureKind="java"/><InteractionEvent Delta="null" EndDate="2017-02-28 16:07:41.589 CET" Interest="1.0" Kind="selection" Navigation="null" OriginId="org.eclipse.jdt.ui.CompilationUnitEditor" StartDate="2017-02-28 16:07:41.589 CET" StructureHandle="=Asteroids/src&amp;lt;{Ship.java[Ship~getAngle" StructureKind="java"/><InteractionEvent Delta="null" EndDate="2017-02-28 16:04:09.684 CET" Interest="3.0" Kind="selection" Navigation="null" OriginId="org.eclipse.jdt.ui.CompilationUnitEditor" StartDate="2017-02-28 15:45:35.142 CET" StructureHandle="=Asteroids/src&amp;lt;{Ship.java[Ship~getVelocityX" StructureKind="java" NumEvents="3" CreationCount="3"/><InteractionEvent Delta="null" EndDate="2017-02-28 15:46:02.194 CET" Interest="1.0" Kind="edit" Navigation="null" OriginId="org.eclipse.jdt.ui.CompilationUnitEditor" StartDate="2017-02-28 15:46:02.194 CET" StructureHandle="=Asteroids/src&amp;lt;{Ship.java[Ship~getVelocityX" StructureKind="java"/><InteractionEvent Delta="null" EndDate="2017-02-28 16:36:30.608 CET" Interest="179.0" Kind="propagation" Navigation="org.eclipse.mylyn.core.model.edges.containment" OriginId="org.eclipse.mylyn.core.model.interest.propagation" StartDate="2017-02-28 15:45:11.944 CET" StructureHandle="=Asteroids" StructureKind="resource" NumEvents="179" CreationCount="1"/><InteractionEvent Delta="null" EndDate="2017-02-28 16:36:19.310 CET" Interest="1.0" Kind="selection" Navigation="null" OriginId="org.eclipse.jdt.ui.PackageExplorer" StartDate="2017-02-28 16:36:19.310 CET" StructureHandle="=Asteroids" StructureKind="java"/><InteractionEvent Delta="null" EndDate="2017-02-28 15:52:29.262 CET" Interest="1.0" Kind="selection" Navigation="null" OriginId="org.eclipse.jdt.ui.PackageExplorer" StartDate="2017-02-28 15:52:29.262 CET" StructureHandle="=Asteroids/C:\/Users\/Benson\/Dropbox\/Groepswerk\/Asteroids\/AnnotationsDoclets.jar" StructureKind="java"/><InteractionEvent Delta="null" EndDate="2017-02-28 15:45:11.944 CET" Interest="1.0" Kind="selection" Navigation="null" OriginId="org.eclipse.jdt.ui.CompilationUnitEditor" StartDate="2017-02-28 15:45:11.944 CET" StructureHandle="=Asteroids/src&amp;lt;{Ship.java[Ship~setRadius~D" StructureKind="java"/><InteractionEvent Delta="null" EndDate="2017-02-28 15:52:41.125 CET" Interest="2.0" Kind="selection" Navigation="null" OriginId="org.eclipse.jdt.ui.CompilationUnitEditor" StartDate="2017-02-28 15:46:10.794 CET" StructureHandle="=Asteroids/src&amp;lt;{Ship.java[Ship~move~D" StructureKind="java" NumEvents="2" CreationCount="12"/><InteractionEvent Delta="null" EndDate="2017-02-28 15:51:12.936 CET" Interest="50.0" Kind="edit" Navigation="null" OriginId="org.eclipse.jdt.ui.CompilationUnitEditor" StartDate="2017-02-28 15:47:38.41 CET" StructureHandle="=Asteroids/src&amp;lt;{Ship.java[Ship~move~D" StructureKind="java" NumEvents="50" CreationCount="12"/><InteractionEvent Delta="null" EndDate="2017-02-28 15:52:41.125 CET" Interest="32.687004" Kind="propagation" Navigation="org.eclipse.mylyn.core.model.edges.containment" OriginId="org.eclipse.mylyn.core.model.interest.propagation" StartDate="2017-02-28 15:45:11.944 CET" StructureHandle="=Asteroids/src&amp;lt;{Ship.java[Ship" StructureKind="java" NumEvents="47" CreationCount="1"/><InteractionEvent Delta="null" EndDate="2017-02-28 16:36:26.864 CET" Interest="8.0" Kind="selection" Navigation="null" OriginId="org.eclipse.jdt.ui.CompilationUnitEditor" StartDate="2017-02-28 15:45:36.95 CET" StructureHandle="=Asteroids/src&amp;lt;{Ship.java[Ship" StructureKind="java" NumEvents="8" CreationCount="1"/><InteractionEvent Delta="null" EndDate="2017-02-28 16:36:30.608 CET" Interest="11.0" Kind="edit" Navigation="null" OriginId="org.eclipse.jdt.ui.CompilationUnitEditor" StartDate="2017-02-28 15:45:36.795 CET" StructureHandle="=Asteroids/src&amp;lt;{Ship.java[Ship" StructureKind="java" NumEvents="11" CreationCount="1"/></InteractionHistory>